{"cameraMode":{"drawMode":0,"name":"Shaded","section":"Shading Mode"},"sceneLighting":false,"audioPlay":false,"sceneViewState":{"showFog":false,"showMaterialUpdate":false,"showSkybox":false,"showFlares":false,"showImageEffects":false,"showParticleSystems":false},"in2DMode":false,"pivot":{"x":-0.4743843078613281,"y":0.08483588695526123,"z":0.9523041248321533},"rotation":{"x":-0.13966390490531922,"y":0.3042009174823761,"z":-0.045145437121391299,"w":-0.9412454962730408},"size":2.0767722129821779,"orthographic":false}